address,target
0x08004148,0x0800414C
0x0800414C,0x080043C4
0x080043C4,0x080043E4
0x080043E4,0x08004408
0x08004408,0x080044B8
0x080044B8,0x080044D8
0x080044D8,0x08004694
0x08004694,0x0800470C
0x0800470C,0x0800472C
0x0800472C,0x0800487A
0x0800487A,0x080048EC
0x080048EC,0x08004968
0x08004968,0x08004976
0x08004976,0x08004978
0x08004978,0x0800497E
0x0800497E,0x08004988
0x08004988,0x08004990
0x08004990,0x0800499C
0x0800499C,0x080049A4
0x080049A4,0x080049B0
0x080049B0,0x080049B8
0x080049B8,0x080049C4
0x080049C4,0x080049CC
0x080049CC,0x080049D8
0x080049D8,0x080049E0
0x080049E0,0x080049EC
0x080049EC,0x080049F8
0x080049F8,0x08004A04
0x08004A04,0x08004A10
0x08004A10,0x08004A1C
0x08004A1C,0x08004A28
0x08004A28,0x08004A34
0x08004A34,0x08004A40
0x08004A40,0x08004A4C
0x08004A4C,0x08004A58
0x08004A58,0x08004A64
0x08004A64,0x08004A70
0x08004A70,0x08004A7C
0x08004A7C,0x08004A88
0x08004A88,0x08004A94
0x08004A94,0x08004AA0
0x08004AA0,0x08004AAC
0x08004AAC,0x08004AB8
0x08004AB8,0x08004AC4
0x08004AC4,0x08004AD0
0x08004AD0,0x08004ADC
0x08004ADC,0x08004AE8
0x08004AE8,0x08004AF4
0x08004AF4,0x08004B00
0x08004B00,0x08004B0C
0x08004B0C,0x08004B18
0x08004B18,0x08004B24
0x08004B24,0x08004B30
0x08004B30,0x08004B3C
0x08004B3C,0x08004B48
0x08004B48,0x08004B54
0x08004B54,0x08004B60
0x08004B60,0x08004B6C
0x08004B6C,0x08004B78
0x08004B78,0x08004B84
0x08004B84,0x08004B90
0x08004B90,0x08004B9C
0x08004B9C,0x08004BA8
0x08004BA8,0x08004BB4
0x08004BB4,0x08004BC0
0x08004BC0,0x08004BCC
0x08004BCC,0x08004BD8
0x08004BD8,0x08004BE4
0x08004BE4,0x08004BF0
0x08004BF0,0x08004BFC
0x08004BFC,0x08004C08
0x08004C08,0x08004C14
0x08004C14,0x08004C20
0x08004C20,0x08004C2C
0x08004C2C,0x08004C38
0x08004C38,0x08004C44
0x08004C44,0x08004C50
0x08004C50,0x08004C5C
0x08004C5C,0x08004C68
0x08004C68,0x08004C74
0x08004C74,0x08004C80
0x08004C80,0x08004C8C
0x08004C8C,0x08004C98
0x08004C98,0x08004CA4
0x08004CA4,0x08004CB0
0x08004CB0,0x08004CBC
0x08004CBC,0x08004CC8
0x08004CC8,0x08004CD4
0x08004CD4,0x08004CE0
0x08004CE0,0x08004CEC
0x08004CEC,0x08004CF8
0x08004CF8,0x08004D04
0x08004D04,0x08004D10
0x08004D10,0x08004D1C
0x08004D1C,0x08004D28
0x08004D28,0x08004D34
0x08004D34,0x08004D40
0x08004D40,0x08004D4C
0x08004D4C,0x08004D58
0x08004D58,0x08004D64
0x08004D64,0x08004D70
0x08004D70,0x08004D7C
0x08004D7C,0x08004D88
0x08004D88,0x08004D94
0x08004D94,0x08004DA0
0x08004DA0,0x08004DAC
0x08004DAC,0x08004DB8
0x08004DB8,0x08004DC4
0x08004DC4,0x08004DD0
0x08004DD0,0x08004DDC
0x08004DDC,0x08004DE8
0x08004DE8,0x08004DF4
0x08004DF4,0x08004E00
0x08004E00,0x08004E0C
0x08004E0C,0x08004E18
0x08004E18,0x08004E24
0x08004E24,0x08004E30
0x08004E30,0x08004E3C
0x08004E3C,0x08004E48
0x08004E48,0x08004E54
0x08004E54,0x08004E60
0x08004E60,0x08004E6C
0x08004E6C,0x08004E78
0x08004E78,0x08004E84
0x08004E84,0x08004E90
0x08004E90,0x08004E9C
0x08004E9C,0x08004EA8
0x08004EA8,0x08004EB4
0x08004EB4,0x08004EC0
0x08004EC0,0x08004ECC
0x08004ECC,0x08004ED8
0x08004ED8,0x08004EE4
0x08004EE4,0x08004EF0
0x08004EF0,0x08004EFC
0x08004EFC,0x08004F08
0x08004F08,0x08004F14
0x08004F14,0x08004F20
0x08004F20,0x08004F2C
0x08004F2C,0x08004F38
0x08004F38,0x08004F44
0x08004F44,0x08004F50
0x08004F50,0x08004F5C
0x08004F5C,0x08004F68
0x08004F68,0x08004F74
0x08004F74,0x08004F80
0x08004F80,0x08004F8C
0x08004F8C,0x08004F98
0x08004F98,0x08004FA4
0x08004FA4,0x08004FB0
0x08004FB0,0x08004FBC
0x08004FBC,0x08004FC8
0x08004FC8,0x08004FD4
0x08004FD4,0x08004FE0
0x08004FE0,0x08004FEC
0x08004FEC,0x08004FF8
0x08004FF8,0x08005004
0x08005004,0x08005010
0x08005010,0x0800501C
0x0800501C,0x08005028
0x08005028,0x08005034
0x08005034,0x08005040
0x08005040,0x0800504C
0x0800504C,0x08005058
0x08005058,0x08005064
0x08005064,0x08005070
0x08005070,0x0800507C
0x0800507C,0x08005088
0x08005088,0x08005094
0x08005094,0x080050A0
0x080050A0,0x080050AC
0x080050AC,0x080050B8
0x080050B8,0x080050C4
0x080050C4,0x080050D0
0x080050D0,0x080050DC
0x080050DC,0x080050E8
0x080050E8,0x080050F4
0x080050F4,0x08005100
0x08005100,0x0800510C
0x0800510C,0x08005118
0x08005118,0x08005124
0x08005124,0x08005130
0x08005130,0x0800513C
0x0800513C,0x08005148
0x08005148,0x08005154
0x08005154,0x08005160
0x08005160,0x0800516C
0x0800516C,0x08005178
0x08005178,0x08005184
0x08005184,0x08005190
0x08005190,0x0800519C
0x0800519C,0x080051A8
0x080051A8,0x080051B4
0x080051B4,0x080051C0
0x080051C0,0x080051CC
0x080051CC,0x080051D8
0x080051D8,0x080051E4
0x080051E4,0x080051F0
0x080051F0,0x080051FC
0x080051FC,0x08005208
0x08005208,0x08005214
0x08005214,0x08005220
0x08005220,0x0800522C
0x0800522C,0x08005238
0x08005238,0x08005244
0x08005244,0x08005250
0x08005250,0x0800525C
0x0800525C,0x08005268
0x08005268,0x08005274
0x08005274,0x08005280
0x08005280,0x0800528C
0x0800528C,0x08005298
0x08005298,0x080052A4
0x080052A4,0x080052B0
0x080052B0,0x080052BC
0x080052BC,0x080052C8
0x080052C8,0x080052D4
0x080052D4,0x080052E0
0x080052E0,0x080052EC
0x080052EC,0x080052F8
0x080052F8,0x08005304
0x08005304,0x08005310
0x08005310,0x0800531C
0x0800531C,0x08005328
0x08005328,0x08005334
0x08005334,0x08005340
0x08005340,0x0800534C
0x0800534C,0x08005358
0x08005358,0x08005364
0x08005364,0x08005370
0x08005370,0x0800537C
0x0800537C,0x08005388
0x08005388,0x08005394
0x08005394,0x080053A0
0x080053A0,0x080053AC
0x080053AC,0x080053B8
0x080053B8,0x080053C4
0x080053C4,0x080053D0
0x080053D0,0x080053DC
0x080053DC,0x080053E8
0x080053E8,0x080053F4
0x080053F4,0x08005400
0x08005400,0x0800540C
0x0800540C,0x08005418
0x08005418,0x08005424
0x08005424,0x08005430
0x08005430,0x0800543C
0x0800543C,0x08005448
0x08005448,0x08005454
0x08005454,0x08005460
0x08005460,0x0800546C
0x0800546C,0x08005478
0x08005478,0x08005484
0x08005484,0x08005490
0x08005490,0x0800549C
0x0800549C,0x080054A8
0x080054A8,0x080054B4
0x080054B4,0x080054C0
0x080054C0,0x080054CC
0x080054CC,0x080054D8
0x080054D8,0x080054E4
0x080054E4,0x080054F0
0x080054F0,0x080054FC
0x080054FC,0x08005508
0x08005508,0x08005514
0x08005514,0x08005520
0x08005520,0x0800552C
0x0800552C,0x08005538
0x08005538,0x08005544
0x08005544,0x08005550
0x08005550,0x0800555C
0x0800555C,0x08005568
0x08005568,0x08005574
0x08005574,0x08005580
0x08005580,0x0800558C
0x0800558C,0x08005598
0x08005598,0x080055A4
0x080055A4,0x080055B0
0x080055B0,0x080055BC
0x080055BC,0x080055C8
0x080055C8,0x080055D4
0x080055D4,0x080055E0
0x080055E0,0x080055EC
0x080055EC,0x080055F8
0x080055F8,0x08005604
0x08005604,0x08005610
0x08005610,0x0800561C
0x0800561C,0x08005628
0x08005628,0x08005634
0x08005634,0x08005640
0x08005640,0x0800564C
0x0800564C,0x08005658
0x08005658,0x08005664
0x08005664,0x08005670
0x08005670,0x0800567C
0x0800567C,0x08005688
0x08005688,0x08005694
0x08005694,0x080056A0
0x080056A0,0x080056AC
0x080056AC,0x080056B8
0x080056B8,0x080056C4
0x080056C4,0x080056D0
0x080056D0,0x080056DC
0x080056DC,0x080056E8
0x080056E8,0x080056F4
0x080056F4,0x08005700
0x08005700,0x0800570C
0x0800570C,0x08005718
0x08005718,0x08005724
0x08005724,0x08005730
0x08005730,0x0800573C
0x0800573C,0x08005748
0x08005748,0x08005754
0x08005754,0x08005760
0x08005760,0x0800576C
0x0800576C,0x08005778
0x08005778,0x08005784
0x08005784,0x08005790
0x08005790,0x0800579C
0x0800579C,0x080057A8
0x080057A8,0x080057B4
0x080057B4,0x080057C0
0x080057C0,0x080057CC
0x080057CC,0x080057D8
0x080057D8,0x080057E4
0x080057E4,0x080057F0
0x080057F0,0x080057FC
0x080057FC,0x08005808
0x08005808,0x08005814
0x08005814,0x08005820
0x08005820,0x0800582C
0x0800582C,0x08005838
0x08005838,0x08005844
0x08005844,0x08005850
0x08005850,0x0800585C
0x0800585C,0x08005868
0x08005868,0x08005874
0x08005874,0x08005880
0x08005880,0x0800588C
0x0800588C,0x08005898
0x08005898,0x080058A4
0x080058A4,0x080058B0
0x080058B0,0x080058BC
0x080058BC,0x080058C8
0x080058C8,0x080058D4
0x080058D4,0x080058E0
0x080058E0,0x080058EC
0x080058EC,0x080058F8
0x080058F8,0x08005904
0x08005904,0x08005910
0x08005910,0x0800591C
0x0800591C,0x08005928
0x08005928,0x08005934
0x08005934,0x08005940
0x08005940,0x0800594C
0x0800594C,0x08005958
0x08005958,0x08005964
0x08005964,0x08005970
0x08005970,0x0800597C
0x0800597C,0x08005988
0x08005988,0x08005994
0x08005994,0x080059A0
0x080059A0,0x080059AC
0x080059AC,0x080059B8
0x080059B8,0x080059C4
0x080059C4,0x080059D0
0x080059D0,0x080059DC
0x080059DC,0x080059E8
0x080059E8,0x080059F4
0x080059F4,0x08005A00
0x08005A00,0x08005A0C
0x08005A0C,0x08005A18
0x08005A18,0x08005A24
0x08005A24,0x08005A30
0x08005A30,0x08005A3C
0x08005A3C,0x08005A48
0x08005A48,0x08005A54
0x08005A54,0x08005A60
0x08005A60,0x08005A6C
0x08005A6C,0x08005A78
0x08005A78,0x08005A84
0x08005A84,0x08005A90
0x08005A90,0x08005A9C
0x08005A9C,0x08005AA8
0x08005AA8,0x08005AB4
0x08005AB4,0x08005AC0
0x08005AC0,0x08005ACC
0x08005ACC,0x08005AD8
0x08005AD8,0x08005AE4
0x08005AE4,0x08005AF0
0x08005AF0,0x08005AFC
0x08005AFC,0x08005B08
0x08005B08,0x08005B14
0x08005B14,0x08005B20
0x08005B20,0x08005B2C
0x08005B2C,0x08005B38
0x08005B38,0x08005B44
0x08005B44,0x08005B50
0x08005B50,0x08005B5C
0x08005B5C,0x08005B68
0x08005B68,0x08005B74
0x08005B74,0x08005B80
0x08005B80,0x08005B8C
0x08005B8C,0x08005B98
0x08005B98,0x08005BA4
0x08005BA4,0x08005BB0
0x08005BB0,0x08005BBC
0x08005BBC,0x08005BC8
0x08005BC8,0x08005BD4
0x08005BD4,0x08005BE0
0x08005BE0,0x08005BEC
0x08005BEC,0x08005BF8
0x08005BF8,0x08005C04
0x08005C04,0x08005C10
0x08005C10,0x08005C1C
0x08005C1C,0x08005C28
0x08005C28,0x08005C34
0x08005C34,0x08005C40
0x08005C40,0x08005C4C
0x08005C4C,0x08005C58
0x08005C58,0x08005C64
0x08005C64,0x08005C70
0x08005C70,0x08005C7C
0x08005C7C,0x08005C88
0x08005C88,0x08005C94
0x08005C94,0x08005CA0
0x08005CA0,0x08005CAC
0x08005CAC,0x08005CB8
0x08005CB8,0x08005CC4
0x08005CC4,0x08005CD0
0x08005CD0,0x08005CDC
0x08005CDC,0x08005CE8
0x08005CE8,0x08005CF4
0x08005CF4,0x08005D00
0x08005D00,0x08005D0C
0x08005D0C,0x08005D18
0x08005D18,0x08005D24
0x08005D24,0x08005D30
0x08005D30,0x08005D3C
0x08005D3C,0x08005D48
0x08005D48,0x08005D54
0x08005D54,0x08005D60
0x08005D60,0x08005D6C
0x08005D6C,0x08005D78
0x08005D78,0x08005D84
0x08005D84,0x08005D90
0x08005D90,0x08005D9C
0x08005D9C,0x08005DA8
0x08005DA8,0x08005DB4
0x08005DB4,0x08005DC0
0x08005DC0,0x08005DCC
0x08005DCC,0x08005DD8
0x08005DD8,0x08005DE4
0x08005DE4,0x08005DF0
0x08005DF0,0x08005DFC
0x08005DFC,0x08005E08
0x08005E08,0x08005E14
0x08005E14,0x08005E20
0x08005E20,0x08005E2C
0x08005E2C,0x08005E38
0x08005E38,0x08005E44
0x08005E44,0x08005E50
0x08005E50,0x08005E5C
0x08005E5C,0x08005E68
0x08005E68,0x08005E74
0x08005E74,0x08005E80
0x08005E80,0x08005E8C
0x08005E8C,0x08005E98
0x08005E98,0x08005EA4
0x08005EA4,0x08005EB0
0x08005EB0,0x08005EBC
0x08005EBC,0x08005EC8
0x08005EC8,0x08005ED4
0x08005ED4,0x08005EE0
0x08005EE0,0x08005EEC
0x08005EEC,0x08005EF8
0x08005EF8,0x08005F04
0x08005F04,0x08005F10
0x08005F10,0x08005F1C
0x08005F1C,0x08005F28
0x08005F28,0x08005F34
0x08005F34,0x08005F40
0x08005F40,0x08005F4C
0x08005F4C,0x08005F58
0x08005F58,0x08005F64
0x08005F64,0x08005F70
0x08005F70,0x08005F7C
0x08005F7C,0x08005F88
0x08005F88,0x08005F94
0x08005F94,0x08005FA0
0x08005FA0,0x08005FAC
0x08005FAC,0x08005FB8
0x08005FB8,0x08005FC4
0x08005FC4,0x08005FD0
0x08005FD0,0x08005FDC
0x08005FDC,0x08005FE8
0x08005FE8,0x08005FF4
0x08005FF4,0x08006000
0x08006000,0x0800600C
0x0800600C,0x08006018
0x08006018,0x08006024
0x08006024,0x08006030
0x08006030,0x0800603C
0x0800603C,0x08006048
0x08006048,0x08006054
0x08006054,0x08006060
0x08006060,0x0800606C
0x0800606C,0x08006078
0x08006078,0x08006084
0x08006084,0x08006090
0x08006090,0x0800609C
0x0800609C,0x080060A8
0x080060A8,0x080060B4
0x080060B4,0x080060C0
0x080060C0,0x080060CC
0x080060CC,0x080060D8
0x080060D8,0x080060E4
0x080060E4,0x080060F0
0x080060F0,0x080060FC
0x080060FC,0x08006108
0x08006108,0x08006114
0x08006114,0x08006120
0x08006120,0x0800612C
0x0800612C,0x08006138
0x08006138,0x08006144
0x08006144,0x08006150
0x08006150,0x0800615C
0x0800615C,0x08006168
0x08006168,0x08006174
0x08006174,0x08006180
0x08006180,0x0800618C
0x0800618C,0x08006198
0x08006198,0x080061A4
0x080061A4,0x080061B0
0x080061B0,0x080061BC
0x080061BC,0x080061C8
0x080061C8,0x080061D4
0x080061D4,0x080061E0
0x080061E0,0x080061EC
0x080061EC,0x080061F8
0x080061F8,0x08006204
0x08006204,0x08006210
0x08006210,0x0800621C
0x0800621C,0x08006228
0x08006228,0x08006234
0x08006234,0x08006240
0x08006240,0x0800624C
0x0800624C,0x08006258
0x08006258,0x08006264
0x08006264,0x08006270
0x08006270,0x0800627C
0x0800627C,0x08006288
0x08006288,0x08006294
0x08006294,0x080062A0
0x080062A0,0x080062AC
0x080062AC,0x080062B8
0x080062B8,0x080062C4
0x080062C4,0x080062D0
0x080062D0,0x080062DC
0x080062DC,0x080062E8
0x080062E8,0x080062F4
0x080062F4,0x08006300
0x08006300,0x0800630C
0x0800630C,0x08006318
0x08006318,0x08006324
0x08006324,0x08006330
0x08006330,0x0800633C
0x0800633C,0x08006348
0x08006348,0x08006354
0x08006354,0x08006360
0x08006360,0x0800636C
0x0800636C,0x08006378
0x08006378,0x08006384
0x08006384,0x08006390
0x08006390,0x0800639C
0x0800639C,0x080063A8
0x080063A8,0x080063B4
0x080063B4,0x080063C0
0x080063C0,0x080063CC
0x080063CC,0x080063D8
0x080063D8,0x080063E4
0x080063E4,0x080063F0
0x080063F0,0x080063FC
0x080063FC,0x08006408
0x08006408,0x08006414
0x08006414,0x08006420
0x08006420,0x0800642C
0x0800642C,0x08006438
0x08006438,0x08006444
0x08006444,0x08006450
0x08006450,0x0800645C
0x0800645C,0x08006468
0x08006468,0x08006474
0x08006474,0x08006480
0x08006480,0x0800648C
0x0800648C,0x08006498
0x08006498,0x080064A4
0x08007000,0x0800700C
0x0800700C,0x08007018
0x08007018,0x08007024
0x08007024,0x08007030
0x08007030,0x0800703C
0x0800703C,0x08007048
0x08007048,0x08007054
0x08007054,0x08007060
0x08007060,0x0800706C
0x0800706C,0x08007078
0x08007078,0x08007084
0x08007084,0x08007090
0x08007090,0x0800709C
0x0800709C,0x080070A8
0x080070A8,0x080070B4
0x080070B4,0x080070C0
0x080070C0,0x080070CC
0x080070CC,0x080070D8
0x080070D8,0x080070E4
0x080070E4,0x080070F0
0x080070F0,0x080070FC
0x080070FC,0x08007108
0x08007108,0x08007114
0x08007114,0x08007120
0x08007120,0x0800712C
0x0800712C,0x08007138
0x08007138,0x08007144
0x08007144,0x08007150
0x08007150,0x0800715C
0x0800715C,0x08007168
0x08007168,0x08007174
0x08007174,0x08007180
0x08007180,0x0800718C
0x0800718C,0x08007198
0x08007198,0x080071A4
0x080071A4,0x080071B0
0x080071B0,0x080071BC
0x080071BC,0x080071C8
0x080071C8,0x080071D4
0x080071D4,0x080071E0
0x080071E0,0x080071EC
0x080071EC,0x080071F8
0x080071F8,0x08007204
0x08007204,0x08007210
0x08007210,0x0800721C
0x0800721C,0x08007228
0x08007228,0x08007234
0x08007234,0x08007240
0x08007240,0x0800724C
0x0800724C,0x08007258
0x08007258,0x08007264
0x08007264,0x08007270
0x08007270,0x0800727C
0x0800727C,0x08007288
0x08007288,0x08007294
0x08007294,0x080072A0
0x080072A0,0x080072AC
0x080072AC,0x080072B8
0x080072B8,0x080072C4
0x080072C4,0x080072D0
0x080072D0,0x080072DC
0x080072DC,0x080072E8
0x080072E8,0x080072F4
0x080072F4,0x08007300
0x08007300,0x0800730C
0x0800730C,0x08007318
0x08007318,0x08007324
0x08007324,0x08007330
0x08007330,0x0800733C
0x0800733C,0x08007348
0x08007348,0x08007354
0x08007354,0x08007360
0x08007360,0x0800736C
0x0800736C,0x08007378
0x08007378,0x08007384
0x08007384,0x08007390
0x08007390,0x0800739C
0x0800739C,0x080073A8
0x080073A8,0x080073B4
0x080073B4,0x080073C0
0x080073C0,0x080073CC
0x080073CC,0x080073D8
0x080073D8,0x080073E4
0x080073E4,0x080073F0
0x080073F0,0x080073FC
0x080073FC,0x08007408
0x08007408,0x08007414
0x08007414,0x08007420
0x08007420,0x0800742C
